{
	"credit": "Made with Blockbench",
	"textures": {
		"0": "getop:item/painite"
	},
	"elements": [
		{
			"from": [5, 5, 7],
			"to": [12, 7, 9],
			"rotation": {"angle": -22.5, "axis": "z", "origin": [0, 0, 0]},
			"faces": {
				"north": {"uv": [3, 4, 5, 11], "rotation": 90, "texture": "#0"},
				"east": {"uv": [3, 8, 5, 10], "rotation": 270, "texture": "#0"},
				"south": {"uv": [1, 4, 4, 11], "rotation": 270, "texture": "#0"},
				"west": {"uv": [2, 4, 4, 6], "rotation": 270, "texture": "#0"},
				"up": {"uv": [2, 4, 4, 11], "rotation": 270, "texture": "#0"},
				"down": {"uv": [0, 4, 2, 11], "rotation": 270, "texture": "#0"}
			}
		},
		{
			"from": [8, 0, 6],
			"to": [11, 4, 10],
			"faces": {
				"north": {"uv": [1, 8, 5, 11], "rotation": 90, "texture": "#0"},
				"east": {"uv": [3, 7, 7, 11], "texture": "#0"},
				"south": {"uv": [3, 5, 6, 9], "texture": "#0"},
				"west": {"uv": [3, 4, 7, 8], "rotation": 90, "texture": "#0"},
				"up": {"uv": [4, 2, 7, 6], "texture": "#0"},
				"down": {"uv": [4, 6, 7, 10], "texture": "#0"}
			}
		},
		{
			"from": [11, 0.25, 1],
			"to": [12.5, 4.5, 2.5],
			"rotation": {"angle": -22.5, "axis": "y", "origin": [0, 0, 0]},
			"faces": {
				"north": {"uv": [3, 9, 4.5, 13.25], "texture": "#0"},
				"east": {"uv": [3, 9, 4.5, 13.25], "texture": "#0"},
				"south": {"uv": [3, 9, 4.5, 13.25], "texture": "#0"},
				"west": {"uv": [3, 9, 4.5, 13.25], "texture": "#0"},
				"up": {"uv": [3, 9, 4.5, 10.5], "texture": "#0"},
				"down": {"uv": [3, 12, 4.5, 13.5], "texture": "#0"}
			}
		},
		{
			"from": [7, -2, 6],
			"to": [8, -1, 10],
			"rotation": {"angle": -22.5, "axis": "x", "origin": [0, 0, 0]},
			"faces": {
				"north": {"uv": [2, 7, 3, 8], "texture": "#0"},
				"east": {"uv": [2, 7, 6, 8], "texture": "#0"},
				"south": {"uv": [3, 9, 4, 10], "texture": "#0"},
				"west": {"uv": [2, 7, 6, 8], "texture": "#0"},
				"up": {"uv": [2, 7.05229, 3, 11.05229], "texture": "#0"},
				"down": {"uv": [2, 7, 3, 11], "rotation": 180, "texture": "#0"}
			}
		},
		{
			"from": [8.5, -7, 8],
			"to": [10.5, -1, 9],
			"rotation": {"angle": -45, "axis": "x", "origin": [0, 0, 0]},
			"faces": {
				"north": {"uv": [4, 4, 6, 10], "texture": "#0"},
				"east": {"uv": [4, 4, 5, 10], "texture": "#0"},
				"south": {"uv": [4, 4, 6, 10], "texture": "#0"},
				"west": {"uv": [4, 4, 5, 10], "texture": "#0"},
				"up": {"uv": [4, 4, 6, 5], "texture": "#0"},
				"down": {"uv": [4, 9, 6, 10], "texture": "#0"}
			}
		},
		{
			"from": [12, 0.25, 2],
			"to": [14, 4.25, 3],
			"rotation": {"angle": -22.5, "axis": "y", "origin": [0, 0, 0]},
			"faces": {
				"north": {"uv": [5, 3, 7, 7], "texture": "#0"},
				"east": {"uv": [5, 3, 6, 7], "texture": "#0"},
				"south": {"uv": [5, 3, 7, 7], "texture": "#0"},
				"west": {"uv": [5, 3, 6, 7], "texture": "#0"},
				"up": {"uv": [5, 2, 7, 3], "texture": "#0"},
				"down": {"uv": [5, 7, 7, 8], "texture": "#0"}
			}
		},
		{
			"from": [9, 2, 2],
			"to": [10, 5, 3],
			"rotation": {"angle": -22.5, "axis": "y", "origin": [0, 0, 0]},
			"faces": {
				"north": {"uv": [7, 0, 8, 3], "texture": "#0"},
				"east": {"uv": [7, 0, 8, 3], "texture": "#0"},
				"south": {"uv": [7, 0, 8, 3], "texture": "#0"},
				"west": {"uv": [7, 0, 8, 3], "texture": "#0"},
				"up": {"uv": [7, 0, 8, 1], "texture": "#0"},
				"down": {"uv": [7, 2, 8, 3], "texture": "#0"}
			}
		},
		{
			"from": [9.75, 3, 7],
			"to": [10.75, 8, 8],
			"rotation": {"angle": 22.5, "axis": "x", "origin": [0, 0, 0]},
			"faces": {
				"north": {"uv": [4, 5, 5, 10], "texture": "#0"},
				"east": {"uv": [4, 5, 5, 10], "texture": "#0"},
				"south": {"uv": [4, 5, 5, 10], "texture": "#0"},
				"west": {"uv": [4, 5, 5, 10], "texture": "#0"},
				"up": {"uv": [4, 5, 5, 6], "texture": "#0"},
				"down": {"uv": [4, 9, 5, 10], "texture": "#0"}
			}
		}
	],
	"gui_light": "front",
	"display": {
		"thirdperson_righthand": {
			"rotation": [-22, -119, 0],
			"translation": [1, 5, -2.25]
		},
		"thirdperson_lefthand": {
			"rotation": [-22, 115, 0],
			"translation": [-0.5, 5, -3.5]
		},
		"firstperson_righthand": {
			"rotation": [0, -90, 25],
			"translation": [0.38, 6.7, 1.13],
			"scale": [0.68, 0.68, 0.68]
		},
		"firstperson_lefthand": {
			"rotation": [0, -90, 25],
			"translation": [1.13, 5.95, 1.13],
			"scale": [0.68, 0.68, 0.68]
		},
		"ground": {
			"translation": [0, 5.25, 0]
		},
		"gui": {
			"translation": [-3, 8.25, 0],
			"scale": [1.6, 1.6, 1.6]
		},
		"head": {
			"translation": [0, 14.25, 0]
		},
		"fixed": {
			"translation": [-2, 5.25, -0.5],
			"scale": [1.5, 1.5, 1]
		}
	}
}